department,avg_salary
Finance,93945.51874999996
HR,92448.81040816318
IT,93761.02570707069
Marketing,93449.76371571074
Operations,95352.16517241376
department,NULL
